ms,features,map,requested_nm,commanded_nm,limit_nm,fuel_multiplier,ethanol_filtered,dtcs,limp,launch,shift
0,0,0,0.00000,0.00000,350.00000,1.00000,0.00000,0,0,0,0
20,0,0,0.00000,0.00000,350.00000,1.00000,0.00000,0,0,0,0
40,0,0,0.00000,0.00000,350.00000,1.00000,0.00000,0,0,0,0
60,0,0,0.00000,0.00000,350.00000,1.00000,0.00000,0,0,0,0
80,0,0,0.00000,0.00000,350.00000,1.00000,0.00000,0,0,0,0
100,0,0,0.00000,0.00000,350.00000,1.00000,0.00000,0,0,0,0
120,0,0,0.00000,0.00000,350.00000,1.00000,0.00000,0,0,0,0
140,0,0,0.00000,0.00000,350.00000,1.00000,0.00000,0,0,0,0
160,0,0,0.00000,0.00000,350.00000,1.00000,0.00000,0,0,0,0
180,0,0,0.00000,0.00000,350.00000,1.00000,0.00000,0,0,0,0
200,0,0,0.00000,0.00000,350.00000,1.00000,0.00000,0,0,0,0
220,0,0,0.00000,0.00000,350.00000,1.00000,0.00000,0,0,0,0
240,0,0,0.00000,0.00000,350.00000,1.00000,0.00000,0,0,0,0
260,0,0,0.00000,0.00000,350.00000,1.00000,0.00000,0,0,0,0
280,0,0,0.00000,0.00000,350.00000,1.00000,0.00000,0,0,0,0
300,0,0,0.00000,0.00000,350.00000,1.00000,0.00000,0,0,0,0
320,0,0,0.00000,0.00000,350.00000,1.00000,0.00000,0,0,0,0
340,0,0,0.00000,0.00000,350.00000,1.00000,0.00000,0,0,0,0
360,0,0,0.00000,0.00000,350.00000,1.00000,0.00000,0,0,0,0
380,0,0,0.00000,0.00000,350.00000,1.00000,0.00000,0,0,0,0
400,0,0,0.00000,0.00000,350.00000,1.00000,0.00000,0,0,0,0
420,0,0,0.00000,0.00000,350.00000,1.00000,0.00000,0,0,0,0
440,0,0,0.00000,0.00000,350.00000,1.00000,0.00000,0,0,0,0
460,0,0,0.00000,0.00000,350.00000,1.00000,0.00000,0,0,0,0
480,0,0,0.00000,0.00000,350.00000,1.00000,0.00000,0,0,0,0
500,0,0,0.00000,0.00000,350.00000,1.00000,0.00000,0,0,0,0
520,0,0,0.00000,0.00000,350.00000,1.00000,0.00000,0,0,0,0
540,0,0,0.00000,0.00000,350.00000,1.00000,0.00000,0,0,0,0
560,0,0,0.00000,0.00000,350.00000,1.00000,0.00000,0,0,0,0
580,0,0,0.00000,0.00000,350.00000,1.00000,0.00000,0,0,0,0
600,0,0,0.00000,0.00000,350.00000,1.00000,0.00000,0,0,0,0
620,0,0,140.00000,2.00000,350.00000,1.00000,0.00000,0,0,0,0
640,0,0,140.00000,4.00000,350.00000,1.00000,0.00000,0,0,0,0
660,0,0,140.00000,6.00000,350.00000,1.00000,0.00000,0,0,0,0
680,0,0,140.00000,8.00000,350.00000,1.00000,0.00000,0,0,0,0
700,0,0,140.00000,10.00000,350.00000,1.00000,0.00000,0,0,0,0
720,0,0,140.00000,12.00000,350.00000,1.00000,0.00000,0,0,0,0
740,0,0,140.00000,14.00000,350.00000,1.00000,0.00000,0,0,0,0
760,0,0,140.00000,16.00000,350.00000,1.00000,0.00000,0,0,0,0
780,0,0,140.00000,18.00000,350.00000,1.00000,0.00000,0,0,0,0
800,0,0,140.00000,20.00000,350.00000,1.00000,0.00000,0,0,0,0
820,0,0,140.00000,22.00000,350.00000,1.00000,0.00000,0,0,0,0
840,0,0,140.00000,24.00000,350.00000,1.00000,0.00000,0,0,0,0
860,0,0,140.00000,26.00000,350.00000,1.00000,0.00000,0,0,0,0
880,0,0,140.00000,28.00000,350.00000,1.00000,0.00000,0,0,0,0
900,0,0,140.00000,30.00000,350.00000,1.00000,0.00000,0,0,0,0
920,0,0,140.00000,32.00000,350.00000,1.00000,0.00000,0,0,0,0
940,0,0,140.00000,34.00000,350.00000,1.00000,0.00000,0,0,0,0
960,0,0,140.00000,36.00000,350.00000,1.00000,0.00000,0,0,0,0
980,0,0,140.00000,38.00000,350.00000,1.00000,0.00000,0,0,0,0
1000,0,0,140.00000,40.00000,350.00000,1.00000,0.00000,0,0,0,0
1020,0,0,140.00000,42.00000,350.00000,1.00000,0.00000,0,0,0,0
1040,0,0,140.00000,44.00000,350.00000,1.00000,0.00000,0,0,0,0
1060,0,0,140.00000,46.00000,350.00000,1.00000,0.00000,0,0,0,0
1080,0,0,140.00000,48.00000,350.00000,1.00000,0.00000,0,0,0,0
1100,0,0,140.00000,50.00000,350.00000,1.00000,0.00000,0,0,0,0
1120,0,0,140.00000,52.00000,350.00000,1.00000,0.00000,0,0,0,0
1140,0,0,140.00000,54.00000,350.00000,1.00000,0.00000,0,0,0,0
1160,0,0,140.00000,56.00000,350.00000,1.00000,0.00000,0,0,0,0
1180,0,0,140.00000,58.00000,350.00000,1.00000,0.00000,0,0,0,0
1200,0,0,140.00000,60.00000,350.00000,1.00000,0.00000,0,0,0,0
1220,0,0,140.00000,62.00000,350.00000,1.00000,0.00000,0,0,0,0
1240,0,0,140.00000,64.00000,350.00000,1.00000,0.00000,0,0,0,0
1260,0,0,140.00000,66.00000,350.00000,1.00000,0.00000,0,0,0,0
1280,0,0,140.00000,68.00000,350.00000,1.00000,0.00000,0,0,0,0
1300,0,0,140.00000,70.00000,350.00000,1.00000,0.00000,0,0,0,0
1320,0,0,140.00000,72.00000,350.00000,1.00000,0.00000,0,0,0,0
1340,0,0,140.00000,74.00000,350.00000,1.00000,0.00000,0,0,0,0
1360,0,0,140.00000,76.00000,350.00000,1.00000,0.00000,0,0,0,0
1380,0,0,140.00000,78.00000,350.00000,1.00000,0.00000,0,0,0,0
1400,0,0,140.00000,80.00000,350.00000,1.00000,0.00000,0,0,0,0
1420,0,0,140.00000,82.00000,350.00000,1.00000,0.00000,0,0,0,0
1440,0,0,140.00000,84.00000,350.00000,1.00000,0.00000,0,0,0,0
1460,0,0,140.00000,86.00000,350.00000,1.00000,0.00000,0,0,0,0
1480,0,0,140.00000,88.00000,350.00000,1.00000,0.00000,0,0,0,0
1500,0,0,140.00000,90.00000,350.00000,1.00000,0.00000,0,0,0,0
1520,0,0,140.00000,92.00000,350.00000,1.00000,0.00000,0,0,0,0
1540,0,0,140.00000,94.00000,350.00000,1.00000,0.00000,0,0,0,0
1560,0,0,140.00000,96.00000,350.00000,1.00000,0.00000,0,0,0,0
1580,0,0,140.00000,98.00000,350.00000,1.00000,0.00000,0,0,0,0
1600,0,0,140.00000,100.00000,350.00000,1.00000,0.00000,0,0,0,0
1620,0,0,140.00000,102.00000,350.00000,1.00000,0.00000,0,0,0,0
1640,0,0,140.00000,104.00000,350.00000,1.00000,0.00000,0,0,0,0
1660,0,0,140.00000,106.00000,350.00000,1.00000,0.00000,0,0,0,0
1680,0,0,140.00000,108.00000,350.00000,1.00000,0.00000,0,0,0,0
1700,0,0,140.00000,110.00000,350.00000,1.00000,0.00000,0,0,0,0
1720,0,0,140.00000,112.00000,350.00000,1.00000,0.00000,0,0,0,0
1740,0,0,140.00000,114.00000,350.00000,1.00000,0.00000,0,0,0,0
1760,0,0,140.00000,116.00000,350.00000,1.00000,0.00000,0,0,0,0
1780,0,0,140.00000,118.00000,350.00000,1.00000,0.00000,0,0,0,0
1800,0,0,140.00000,120.00000,350.00000,1.00000,0.00000,0,0,0,0
1820,0,0,140.00000,122.00000,350.00000,1.00000,0.00000,0,0,0,0
1840,0,0,140.00000,124.00000,350.00000,1.00000,0.00000,0,0,0,0
1860,0,0,140.00000,126.00000,350.00000,1.00000,0.00000,0,0,0,0
1880,0,0,140.00000,128.00000,350.00000,1.00000,0.00000,0,0,0,0
1900,0,0,140.00000,130.00000,350.00000,1.00000,0.00000,0,0,0,0
1920,0,0,140.00000,132.00000,350.00000,1.00000,0.00000,0,0,0,0
1940,0,0,140.00000,134.00000,350.00000,1.00000,0.00000,0,0,0,0
1960,0,0,140.00000,136.00000,350.00000,1.00000,0.00000,0,0,0,0
1980,0,0,140.00000,138.00000,350.00000,1.00000,0.00000,0,0,0,0
2000,0,0,140.00000,140.00000,350.00000,1.00000,0.00000,0,0,0,0
2020,0,0,140.00000,140.00000,350.00000,1.00000,0.00000,0,0,0,0
2040,0,0,140.00000,140.00000,350.00000,1.00000,0.00000,0,0,0,0
2060,0,0,140.00000,140.00000,350.00000,1.00000,0.00000,0,0,0,0
2080,0,0,140.00000,140.00000,350.00000,1.00000,0.00000,0,0,0,0
2100,0,0,140.00000,140.00000,350.00000,1.00000,0.00000,0,0,0,0
2120,0,0,140.00000,140.00000,350.00000,1.00000,0.00000,0,0,0,0
2140,0,0,140.00000,140.00000,350.00000,1.00000,0.00000,0,0,0,0
2160,0,0,140.00000,140.00000,350.00000,1.00000,0.00000,0,0,0,0
2180,0,0,140.00000,140.00000,350.00000,1.00000,0.00000,0,0,0,0
2200,0,0,140.00000,140.00000,350.00000,1.00000,0.00000,0,0,0,0
2220,0,0,140.00000,140.00000,350.00000,1.00000,0.00000,0,0,0,0
2240,0,0,140.00000,140.00000,350.00000,1.00000,0.00000,0,0,0,0
2260,0,0,140.00000,140.00000,350.00000,1.00000,0.00000,0,0,0,0
2280,0,0,140.00000,140.00000,350.00000,1.00000,0.00000,0,0,0,0
2300,0,0,140.00000,140.00000,350.00000,1.00000,0.00000,0,0,0,0
2320,0,0,140.00000,140.00000,350.00000,1.00000,0.00000,0,0,0,0
2340,0,0,140.00000,140.00000,350.00000,1.00000,0.00000,0,0,0,0
2360,0,0,140.00000,140.00000,350.00000,1.00000,0.00000,0,0,0,0
2380,0,0,140.00000,140.00000,350.00000,1.00000,0.00000,0,0,0,0
2400,0,0,140.00000,140.00000,350.00000,1.00000,0.00000,0,0,0,0
2420,0,0,140.00000,140.00000,350.00000,1.00000,0.00000,0,0,0,0
2440,0,0,140.00000,140.00000,350.00000,1.00000,0.00000,0,0,0,0
2460,0,0,140.00000,140.00000,350.00000,1.00000,0.00000,0,0,0,0
2480,0,0,140.00000,140.00000,350.00000,1.00000,0.00000,0,0,0,0
2500,0,0,140.00000,140.00000,350.00000,1.00000,0.00000,0,0,0,0
2520,0,0,140.00000,140.00000,350.00000,1.00000,0.00000,0,0,0,0
2540,0,0,140.00000,140.00000,350.00000,1.00000,0.00000,0,0,0,0
2560,0,0,140.00000,140.00000,350.00000,1.00000,0.00000,0,0,0,0
2580,0,0,140.00000,140.00000,350.00000,1.00000,0.00000,0,0,0,0
2600,0,0,140.00000,140.00000,350.00000,1.00000,0.00000,0,0,0,0
2620,0,0,140.00000,140.00000,350.00000,1.00000,0.00000,0,0,0,0
2640,0,0,140.00000,140.00000,350.00000,1.00000,0.00000,0,0,0,0
2660,0,0,140.00000,140.00000,350.00000,1.00000,0.00000,0,0,0,0
2680,0,0,140.00000,140.00000,350.00000,1.00000,0.00000,0,0,0,0
2700,0,0,140.00000,140.00000,350.00000,1.00000,0.00000,0,0,0,0
2720,0,0,140.00000,140.00000,350.00000,1.00000,0.00000,0,0,0,0
2740,0,0,140.00000,140.00000,350.00000,1.00000,0.00000,0,0,0,0
2760,0,0,140.00000,140.00000,350.00000,1.00000,0.00000,0,0,0,0
2780,0,0,140.00000,140.00000,350.00000,1.00000,0.00000,0,0,0,0
2800,0,0,140.00000,140.00000,350.00000,1.00000,0.00000,0,0,0,0
2820,0,0,140.00000,140.00000,350.00000,1.00000,0.00000,0,0,0,0
2840,0,0,140.00000,140.00000,350.00000,1.00000,0.00000,0,0,0,0
2860,0,0,140.00000,140.00000,350.00000,1.00000,0.00000,0,0,0,0
2880,0,0,140.00000,140.00000,350.00000,1.00000,0.00000,0,0,0,0
2900,0,0,140.00000,140.00000,350.00000,1.00000,0.00000,0,0,0,0
2920,0,0,140.00000,140.00000,350.00000,1.00000,0.00000,0,0,0,0
2940,0,0,140.00000,140.00000,350.00000,1.00000,0.00000,0,0,0,0
2960,0,0,140.00000,140.00000,350.00000,1.00000,0.00000,0,0,0,0
2980,0,0,140.00000,140.00000,350.00000,1.00000,0.00000,0,0,0,0
3000,0,0,200.00000,142.00000,350.00000,1.00000,0.00000,0,0,0,0
3020,0,0,200.00000,144.00000,350.00000,1.00000,0.00000,0,0,0,0
3040,0,0,200.00000,146.00000,350.00000,1.00000,0.00000,0,0,0,0
3060,0,0,200.00000,148.00000,350.00000,1.00000,0.00000,0,0,0,0
3080,0,0,200.00000,150.00000,350.00000,1.00000,0.00000,0,0,0,0
3100,0,0,200.00000,152.00000,350.00000,1.00000,0.00000,0,0,0,0
3120,0,0,200.00000,154.00000,350.00000,1.00000,0.00000,0,0,0,0
3140,0,0,200.00000,156.00000,350.00000,1.00000,0.00000,0,0,0,0
3160,0,0,200.00000,158.00000,350.00000,1.00000,0.00000,0,0,0,0
3180,0,0,200.00000,160.00000,350.00000,1.00000,0.00000,0,0,0,0
3200,0,0,200.00000,162.00000,350.00000,1.00000,0.00000,0,0,0,0
3220,0,0,200.00000,164.00000,350.00000,1.00000,0.00000,0,0,0,0
3240,0,0,200.00000,166.00000,350.00000,1.00000,0.00000,0,0,0,0
3260,0,0,200.00000,168.00000,350.00000,1.00000,0.00000,0,0,0,0
3280,0,0,200.00000,170.00000,350.00000,1.00000,0.00000,0,0,0,0
3300,0,0,140.00000,140.00000,350.00000,1.00000,0.00000,0,0,0,0
3320,0,0,140.00000,140.00000,350.00000,1.00000,0.00000,0,0,0,0
3340,0,0,140.00000,140.00000,350.00000,1.00000,0.00000,0,0,0,0
3360,0,0,140.00000,140.00000,350.00000,1.00000,0.00000,0,0,0,0
3380,0,0,140.00000,140.00000,350.00000,1.00000,0.00000,0,0,0,0
3400,0,0,140.00000,140.00000,350.00000,1.00000,0.00000,0,0,0,0
3420,0,0,140.00000,140.00000,350.00000,1.00000,0.00000,0,0,0,0
3440,0,0,140.00000,140.00000,350.00000,1.00000,0.00000,0,0,0,0
3460,0,0,140.00000,140.00000,350.00000,1.00000,0.00000,0,0,0,0
3480,0,0,140.00000,140.00000,350.00000,1.00000,0.00000,0,0,0,0
3500,0,0,140.00000,140.00000,350.00000,1.00000,0.00000,0,0,0,0
3520,0,0,140.00000,140.00000,350.00000,1.00000,0.00000,0,0,0,0
3540,0,0,140.00000,140.00000,350.00000,1.00000,0.00000,0,0,0,0
3560,0,0,140.00000,140.00000,350.00000,1.00000,0.00000,0,0,0,0
3580,0,0,140.00000,140.00000,350.00000,1.00000,0.00000,0,0,0,0
3600,0,0,140.00000,140.00000,350.00000,1.00000,0.00000,0,0,0,0
3620,0,0,140.00000,140.00000,350.00000,1.00000,0.00000,0,0,0,0
3640,0,0,140.00000,140.00000,350.00000,1.00000,0.00000,0,0,0,0
3660,0,0,140.00000,140.00000,350.00000,1.00000,0.00000,0,0,0,0
3680,0,0,140.00000,140.00000,350.00000,1.00000,0.00000,0,0,0,0
3700,0,0,140.00000,140.00000,350.00000,1.00000,0.00000,0,0,0,0
3720,0,0,140.00000,140.00000,350.00000,1.00000,0.00000,0,0,0,0
3740,0,0,140.00000,140.00000,350.00000,1.00000,0.00000,0,0,0,0
3760,0,0,140.00000,140.00000,350.00000,1.00000,0.00000,0,0,0,0
3780,0,0,140.00000,140.00000,350.00000,1.00000,0.00000,0,0,0,0
3800,0,0,140.00000,140.00000,350.00000,1.00000,0.00000,0,0,0,0
3820,0,0,140.00000,140.00000,350.00000,1.00000,0.00000,0,0,0,0
3840,0,0,140.00000,140.00000,350.00000,1.00000,0.00000,0,0,0,0
3860,0,0,140.00000,140.00000,350.00000,1.00000,0.00000,0,0,0,0
3880,0,0,140.00000,140.00000,350.00000,1.00000,0.00000,0,0,0,0
3900,0,0,140.00000,140.00000,350.00000,1.00000,0.00000,0,0,0,0
3920,0,0,140.00000,140.00000,350.00000,1.00000,0.00000,0,0,0,0
3940,0,0,140.00000,140.00000,350.00000,1.00000,0.00000,0,0,0,0
3960,0,0,140.00000,140.00000,350.00000,1.00000,0.00000,0,0,0,0
3980,0,0,140.00000,140.00000,350.00000,1.00000,0.00000,0,0,0,0
4000,0,0,196.66667,142.00000,350.00000,1.00000,0.00000,0,0,0,0
4020,0,0,196.66667,144.00000,350.00000,1.00000,0.00000,0,0,0,0
4040,0,0,196.66667,146.00000,350.00000,1.00000,0.00000,0,0,0,0
4060,0,0,196.66667,148.00000,350.00000,1.00000,0.00000,0,0,0,0
4080,0,0,196.66667,150.00000,350.00000,1.00000,0.00000,0,0,0,0
4100,0,0,196.66667,152.00000,350.00000,1.00000,0.00000,0,0,0,0
4120,0,0,196.66667,154.00000,350.00000,1.00000,0.00000,0,0,0,0
4140,0,0,196.66667,156.00000,350.00000,1.00000,0.00000,0,0,0,0
4160,0,0,196.66667,158.00000,350.00000,1.00000,0.00000,0,0,0,0
4180,0,0,196.66667,160.00000,350.00000,1.00000,0.00000,0,0,0,0
4200,0,0,196.66667,162.00000,350.00000,1.00000,0.00000,0,0,0,0
4220,0,0,196.66667,164.00000,350.00000,1.00000,0.00000,0,0,0,0
4240,0,0,196.66667,166.00000,350.00000,1.00000,0.00000,0,0,0,0
4260,0,0,196.66667,168.00000,350.00000,1.00000,0.00000,0,0,0,0
4280,0,0,196.66667,170.00000,350.00000,1.00000,0.00000,0,0,0,0
4300,0,0,196.66667,172.00000,350.00000,1.00000,0.00000,0,0,0,0
4320,0,0,196.66667,174.00000,350.00000,1.00000,0.00000,0,0,0,0
4340,0,0,196.66667,176.00000,350.00000,1.00000,0.00000,0,0,0,0
4360,0,0,196.66667,178.00000,350.00000,1.00000,0.00000,0,0,0,0
4380,0,0,196.66667,180.00000,350.00000,1.00000,0.00000,0,0,0,0
4400,0,0,196.66667,182.00000,350.00000,1.00000,0.00000,0,0,0,0
4420,0,0,196.66667,184.00000,350.00000,1.00000,0.00000,0,0,0,0
4440,0,0,196.66667,186.00000,350.00000,1.00000,0.00000,0,0,0,0
4460,0,0,196.66667,188.00000,350.00000,1.00000,0.00000,0,0,0,0
4480,0,0,196.66667,190.00000,350.00000,1.00000,0.00000,0,0,0,0
4500,0,0,196.66667,192.00000,350.00000,1.00000,0.00000,0,0,0,0
4520,0,0,196.66667,194.00000,350.00000,1.00000,0.00000,0,0,0,0
4540,0,0,196.66667,196.00000,350.00000,1.00000,0.00000,0,0,0,0
4560,0,0,196.66667,196.66667,350.00000,1.00000,0.00000,0,0,0,0
4580,0,0,196.66667,196.66667,350.00000,1.00000,0.00000,0,0,0,0
4600,0,0,196.66667,196.66667,350.00000,1.00000,0.00000,0,0,0,0
4620,0,0,196.66667,196.66667,350.00000,1.00000,0.00000,0,0,0,0
4640,0,0,196.66667,196.66667,350.00000,1.00000,0.00000,0,0,0,0
4660,0,0,196.66667,196.66667,350.00000,1.00000,0.00000,0,0,0,0
4680,0,0,196.66667,196.66667,350.00000,1.00000,0.00000,0,0,0,0
4700,0,0,196.66667,196.66667,350.00000,1.00000,0.00000,0,0,0,0
4720,0,0,196.66667,196.66667,350.00000,1.00000,0.00000,0,0,0,0
4740,0,0,196.66667,196.66667,350.00000,1.00000,0.00000,0,0,0,0
4760,0,0,196.66667,196.66667,350.00000,1.00000,0.00000,0,0,0,0
4780,0,0,196.66667,196.66667,350.00000,1.00000,0.00000,0,0,0,0
4800,0,0,196.66667,196.66667,350.00000,1.00000,0.00000,0,0,0,0
4820,0,0,196.66667,196.66667,350.00000,1.00000,0.00000,0,0,0,0
4840,0,0,196.66667,196.66667,350.00000,1.00000,0.00000,0,0,0,0
4860,0,0,196.66667,196.66667,350.00000,1.00000,0.00000,0,0,0,0
4880,0,0,196.66667,196.66667,350.00000,1.00000,0.00000,0,0,0,0
4900,0,0,196.66667,196.66667,350.00000,1.00000,0.00000,0,0,0,0
4920,0,0,196.66667,196.66667,350.00000,1.00000,0.00000,0,0,0,0
4940,0,0,196.66667,196.66667,350.00000,1.00000,0.00000,0,0,0,0
4960,0,0,196.66667,196.66667,350.00000,1.00000,0.00000,0,0,0,0
4980,0,0,196.66667,196.66667,350.00000,1.00000,0.00000,0,0,0,0
5000,0,0,196.66667,196.66667,350.00000,1.00000,0.00000,0,0,0,0
5020,0,0,196.66667,196.66667,350.00000,1.00000,0.00000,0,0,0,0
5040,0,0,196.66667,196.66667,350.00000,1.00000,0.00000,0,0,0,0
5060,0,0,196.66667,196.66667,350.00000,1.00000,0.00000,0,0,0,0
5080,0,0,196.66667,196.66667,350.00000,1.00000,0.00000,0,0,0,0
5100,0,0,196.66667,196.66667,350.00000,1.00000,0.00000,0,0,0,0
5120,0,0,196.66667,196.66667,350.00000,1.00000,0.00000,0,0,0,0
5140,0,0,196.66667,196.66667,350.00000,1.00000,0.00000,0,0,0,0
5160,0,0,196.66667,196.66667,350.00000,1.00000,0.00000,0,0,0,0
5180,0,0,196.66667,196.66667,350.00000,1.00000,0.00000,0,0,0,0
5200,0,0,196.66667,196.66667,350.00000,1.00000,0.00000,0,0,0,0
5220,0,0,196.66667,196.66667,350.00000,1.00000,0.00000,0,0,0,0
5240,0,0,196.66667,196.66667,350.00000,1.00000,0.00000,0,0,0,0
5260,0,0,196.66667,196.66667,350.00000,1.00000,0.00000,0,0,0,0
5280,0,0,196.66667,196.66667,350.00000,1.00000,0.00000,0,0,0,0
5300,0,0,196.66667,196.66667,350.00000,1.00000,0.00000,0,0,0,0
5320,0,0,196.66667,196.66667,350.00000,1.00000,0.00000,0,0,0,0
5340,0,0,196.66667,196.66667,350.00000,1.00000,0.00000,0,0,0,0
5360,0,0,196.66667,196.66667,350.00000,1.00000,0.00000,0,0,0,0
5380,0,0,196.66667,196.66667,350.00000,1.00000,0.00000,0,0,0,0
5400,0,0,196.66667,196.66667,350.00000,1.00000,0.00000,0,0,0,0
5420,0,0,196.66667,196.66667,350.00000,1.00000,0.00000,0,0,0,0
5440,0,0,196.66667,196.66667,350.00000,1.00000,0.00000,0,0,0,0
5460,0,0,196.66667,196.66667,350.00000,1.00000,0.00000,0,0,0,0
5480,0,0,196.66667,196.66667,350.00000,1.00000,0.00000,0,0,0,0
5500,0,0,196.66667,196.66667,350.00000,1.00000,0.00000,0,0,0,0
5520,0,0,196.66667,196.66667,350.00000,1.00000,0.00000,0,0,0,0
5540,0,0,196.66667,196.66667,350.00000,1.00000,0.00000,0,0,0,0
5560,0,0,196.66667,196.66667,350.00000,1.00000,0.00000,0,0,0,0
5580,0,0,196.66667,196.66667,350.00000,1.00000,0.00000,0,0,0,0
5600,0,0,196.66667,196.66667,350.00000,1.00000,0.00000,0,0,0,0
5620,0,0,196.66667,196.66667,350.00000,1.00000,0.00000,0,0,0,0
5640,0,0,196.66667,196.66667,350.00000,1.00000,0.00000,0,0,0,0
5660,0,0,196.66667,196.66667,350.00000,1.00000,0.00000,0,0,0,0
5680,0,0,196.66667,196.66667,350.00000,1.00000,0.00000,0,0,0,0
5700,0,0,196.66667,196.66667,350.00000,1.00000,0.00000,0,0,0,0
5720,0,0,196.66667,196.66667,350.00000,1.00000,0.00000,0,0,0,0
5740,0,0,196.66667,196.66667,350.00000,1.00000,0.00000,0,0,0,0
5760,0,0,196.66667,196.66667,350.00000,1.00000,0.00000,0,0,0,0
5780,0,0,196.66667,196.66667,350.00000,1.00000,0.00000,0,0,0,0
5800,0,0,196.66667,196.66667,350.00000,1.00000,0.00000,0,0,0,0
5820,0,0,196.66667,196.66667,350.00000,1.00000,0.00000,0,0,0,0
5840,0,0,196.66667,196.66667,350.00000,1.00000,0.00000,0,0,0,0
5860,0,0,196.66667,196.66667,350.00000,1.00000,0.00000,0,0,0,0
5880,0,0,196.66667,196.66667,350.00000,1.00000,0.00000,0,0,0,0
5900,0,0,196.66667,196.66667,350.00000,1.00000,0.00000,0,0,0,0
5920,0,0,196.66667,196.66667,350.00000,1.00000,0.00000,0,0,0,0
5940,0,0,196.66667,196.66667,350.00000,1.00000,0.00000,0,0,0,0
5960,0,0,196.66667,196.66667,350.00000,1.00000,0.00000,0,0,0,0
5980,0,0,196.66667,196.66667,350.00000,1.00000,0.00000,0,0,0,0
6000,0,0,196.66667,196.66667,350.00000,1.00000,0.00000,0,0,0,0
6020,0,0,196.66667,196.66667,350.00000,1.00000,0.00000,0,0,0,0
6040,0,0,196.66667,196.66667,350.00000,1.00000,0.00000,0,0,0,0
6060,0,0,196.66667,196.66667,350.00000,1.00000,0.00000,0,0,0,0
6080,0,0,196.66667,196.66667,350.00000,1.00000,0.00000,0,0,0,0
6100,0,0,196.66667,196.66667,350.00000,1.00000,0.00000,0,0,0,0
6120,0,0,196.66667,196.66667,350.00000,1.00000,0.00000,0,0,0,0
6140,0,0,196.66667,196.66667,350.00000,1.00000,0.00000,0,0,0,0
6160,0,0,196.66667,196.66667,350.00000,1.00000,0.00000,0,0,0,0
6180,0,0,196.66667,196.66667,350.00000,1.00000,0.00000,0,0,0,0
6200,0,0,196.66667,196.66667,350.00000,1.00000,0.00000,0,0,0,0
6220,0,0,196.66667,196.66667,350.00000,1.00000,0.00000,0,0,0,0
6240,0,0,196.66667,196.66667,350.00000,1.00000,0.00000,0,0,0,0
6260,0,0,196.66667,196.66667,350.00000,1.00000,0.00000,0,0,0,0
6280,0,0,196.66667,196.66667,350.00000,1.00000,0.00000,0,0,0,0
6300,0,0,196.66667,196.66667,350.00000,1.00000,0.00000,0,0,0,0
6320,0,0,196.66667,196.66667,350.00000,1.00000,0.00000,0,0,0,0
6340,0,0,196.66667,196.66667,350.00000,1.00000,0.00000,0,0,0,0
6360,0,0,196.66667,196.66667,350.00000,1.00000,0.00000,0,0,0,0
6380,0,0,196.66667,196.66667,350.00000,1.00000,0.00000,0,0,0,0
6400,0,0,196.66667,196.66667,350.00000,1.00000,0.00000,0,0,0,0
6420,0,0,196.66667,196.66667,350.00000,1.00000,0.00000,0,0,0,0
6440,0,0,196.66667,196.66667,350.00000,1.00000,0.00000,0,0,0,0
6460,0,0,196.66667,196.66667,350.00000,1.00000,0.00000,0,0,0,0
6480,0,0,196.66667,196.66667,350.00000,1.00000,0.00000,0,0,0,0
6500,0,0,140.00000,140.00000,350.00000,1.00000,0.00000,0,0,0,0
6520,0,0,140.00000,140.00000,350.00000,1.00000,0.00000,0,0,0,0
6540,0,0,140.00000,140.00000,350.00000,1.00000,0.00000,0,0,0,0
6560,0,0,140.00000,140.00000,350.00000,1.00000,0.00000,0,0,0,0
6580,0,0,140.00000,140.00000,350.00000,1.00000,0.00000,0,0,0,0
6600,0,0,140.00000,0.00000,0.00000,1.00000,0.00000,4,0,0,0
6620,0,0,140.00000,0.00000,0.00000,1.00000,0.00000,4,0,0,0
6640,0,0,140.00000,0.00000,0.00000,1.00000,0.00000,4,0,0,0
6660,0,0,140.00000,0.00000,0.00000,1.00000,0.00000,4,0,0,0
6680,0,0,140.00000,0.00000,0.00000,1.00000,0.00000,4,0,0,0
6700,0,0,140.00000,0.00000,0.00000,1.00000,0.00000,4,0,0,0
6720,0,0,140.00000,0.00000,0.00000,1.00000,0.00000,4,0,0,0
6740,0,0,140.00000,0.00000,0.00000,1.00000,0.00000,4,0,0,0
6760,0,0,140.00000,0.00000,0.00000,1.00000,0.00000,4,0,0,0
6780,0,0,140.00000,0.00000,0.00000,1.00000,0.00000,4,0,0,0
6800,0,0,140.00000,0.00000,0.00000,1.00000,0.00000,4,0,0,0
6820,0,0,140.00000,0.00000,0.00000,1.00000,0.00000,4,0,0,0
6840,0,0,140.00000,0.00000,0.00000,1.00000,0.00000,4,0,0,0
6860,0,0,140.00000,0.00000,0.00000,1.00000,0.00000,4,0,0,0
6880,0,0,140.00000,0.00000,0.00000,1.00000,0.00000,4,0,0,0
6900,0,0,140.00000,0.00000,0.00000,1.00000,0.00000,4,0,0,0
6920,0,0,140.00000,0.00000,0.00000,1.00000,0.00000,4,0,0,0
6940,0,0,140.00000,0.00000,0.00000,1.00000,0.00000,4,0,0,0
6960,0,0,140.00000,0.00000,0.00000,1.00000,0.00000,4,0,0,0
6980,0,0,140.00000,0.00000,0.00000,1.00000,0.00000,4,0,0,0
7000,0,0,140.00000,2.00000,350.00000,1.00000,0.00000,4,0,0,0
7020,0,0,140.00000,4.00000,350.00000,1.00000,0.00000,4,0,0,0
7040,0,0,140.00000,6.00000,350.00000,1.00000,0.00000,4,0,0,0
7060,0,0,140.00000,8.00000,350.00000,1.00000,0.00000,4,0,0,0
7080,0,0,140.00000,10.00000,350.00000,1.00000,0.00000,4,0,0,0
7100,0,0,140.00000,12.00000,350.00000,1.00000,0.00000,4,0,0,0
7120,0,0,140.00000,14.00000,350.00000,1.00000,0.00000,4,0,0,0
7140,0,0,140.00000,16.00000,350.00000,1.00000,0.00000,4,0,0,0
7160,0,0,140.00000,18.00000,350.00000,1.00000,0.00000,4,0,0,0
7180,0,0,140.00000,20.00000,350.00000,1.00000,0.00000,4,0,0,0
7200,0,0,140.00000,22.00000,350.00000,1.00000,0.00000,4,0,0,0
7220,0,0,140.00000,24.00000,350.00000,1.00000,0.00000,4,0,0,0
7240,0,0,140.00000,26.00000,350.00000,1.00000,0.00000,4,0,0,0
7260,0,0,140.00000,28.00000,350.00000,1.00000,0.00000,4,0,0,0
7280,0,0,140.00000,30.00000,350.00000,1.00000,0.00000,4,0,0,0
7300,0,0,140.00000,32.00000,350.00000,1.00000,0.00000,4,0,0,0
7320,0,0,140.00000,34.00000,350.00000,1.00000,0.00000,4,0,0,0
7340,0,0,140.00000,36.00000,350.00000,1.00000,0.00000,4,0,0,0
7360,0,0,140.00000,38.00000,350.00000,1.00000,0.00000,4,0,0,0
7380,0,0,140.00000,40.00000,350.00000,1.00000,0.00000,4,0,0,0
7400,0,0,140.00000,42.00000,350.00000,1.00000,0.00000,4,0,0,0
7420,0,0,140.00000,44.00000,350.00000,1.00000,0.00000,4,0,0,0
7440,0,0,140.00000,46.00000,350.00000,1.00000,0.00000,4,0,0,0
7460,0,0,140.00000,48.00000,350.00000,1.00000,0.00000,4,0,0,0
7480,0,0,140.00000,50.00000,350.00000,1.00000,0.00000,4,0,0,0
7500,0,0,140.00000,52.00000,350.00000,1.00000,0.00000,4,0,0,0
7520,0,0,140.00000,54.00000,350.00000,1.00000,0.00000,4,0,0,0
7540,0,0,140.00000,56.00000,350.00000,1.00000,0.00000,4,0,0,0
7560,0,0,140.00000,58.00000,350.00000,1.00000,0.00000,4,0,0,0
7580,0,0,140.00000,60.00000,350.00000,1.00000,0.00000,4,0,0,0
7600,0,0,140.00000,62.00000,350.00000,1.00000,0.00000,4,0,0,0
7620,0,0,140.00000,64.00000,350.00000,1.00000,0.00000,4,0,0,0
7640,0,0,140.00000,66.00000,350.00000,1.00000,0.00000,4,0,0,0
7660,0,0,140.00000,68.00000,350.00000,1.00000,0.00000,4,0,0,0
7680,0,0,140.00000,70.00000,350.00000,1.00000,0.00000,4,0,0,0
7700,0,0,140.00000,72.00000,350.00000,1.00000,0.00000,4,0,0,0
7720,0,0,140.00000,74.00000,350.00000,1.00000,0.00000,4,0,0,0
7740,0,0,140.00000,76.00000,350.00000,1.00000,0.00000,4,0,0,0
7760,0,0,140.00000,78.00000,350.00000,1.00000,0.00000,4,0,0,0
7780,0,0,140.00000,80.00000,350.00000,1.00000,0.00000,4,0,0,0
7800,0,0,140.00000,82.00000,350.00000,1.00000,0.00000,4,0,0,0
7820,0,0,140.00000,84.00000,350.00000,1.00000,0.00000,4,0,0,0
7840,0,0,140.00000,86.00000,350.00000,1.00000,0.00000,4,0,0,0
7860,0,0,140.00000,88.00000,350.00000,1.00000,0.00000,4,0,0,0
7880,0,0,140.00000,60.00000,60.00000,1.00000,0.00000,6,1,0,0
7900,0,0,140.00000,60.00000,60.00000,1.00000,0.00000,6,1,0,0
7920,0,0,140.00000,60.00000,60.00000,1.00000,0.00000,6,1,0,0
7940,0,0,140.00000,60.00000,60.00000,1.00000,0.00000,6,1,0,0
7960,0,0,140.00000,60.00000,60.00000,1.00000,0.00000,6,1,0,0
7980,0,0,140.00000,60.00000,60.00000,1.00000,0.00000,6,1,0,0
8000,0,0,140.00000,60.00000,60.00000,1.00000,0.00000,6,1,0,0
8020,0,0,140.00000,60.00000,60.00000,1.00000,0.00000,6,1,0,0
8040,0,0,140.00000,60.00000,60.00000,1.00000,0.00000,6,1,0,0
8060,0,0,140.00000,60.00000,60.00000,1.00000,0.00000,6,1,0,0
8080,0,0,140.00000,60.00000,60.00000,1.00000,0.00000,6,1,0,0
8100,0,0,140.00000,60.00000,60.00000,1.00000,0.00000,6,1,0,0
8120,0,0,140.00000,60.00000,60.00000,1.00000,0.00000,6,1,0,0
8140,0,0,140.00000,60.00000,60.00000,1.00000,0.00000,6,1,0,0
8160,0,0,140.00000,60.00000,60.00000,1.00000,0.00000,6,1,0,0
8180,0,0,140.00000,60.00000,60.00000,1.00000,0.00000,6,1,0,0
8200,0,0,140.00000,60.00000,60.00000,1.00000,0.00000,6,1,0,0
8220,0,0,140.00000,60.00000,60.00000,1.00000,0.00000,6,1,0,0
8240,0,0,140.00000,60.00000,60.00000,1.00000,0.00000,6,1,0,0
8260,0,0,140.00000,60.00000,60.00000,1.00000,0.00000,6,1,0,0
8280,0,0,140.00000,60.00000,60.00000,1.00000,0.00000,6,1,0,0
8300,0,0,140.00000,60.00000,60.00000,1.00000,0.00000,6,1,0,0
8320,0,0,140.00000,60.00000,60.00000,1.00000,0.00000,6,1,0,0
8340,0,0,140.00000,60.00000,60.00000,1.00000,0.00000,6,1,0,0
8360,0,0,140.00000,60.00000,60.00000,1.00000,0.00000,6,1,0,0
8380,0,0,140.00000,60.00000,60.00000,1.00000,0.00000,6,1,0,0
8400,0,0,140.00000,60.00000,60.00000,1.00000,0.00000,6,1,0,0
